{
"family": {
"opus": {
"1": [
0.7666666666666667,
0.9333333333333333,
0.9333333333333333
],
"3": [
0.8333333333333334,
0.9333333333333333,
0.9333333333333333
],
"5": [
0.9,
0.9333333333333333,
0.9333333333333333
]
},
"qwen32": {
"1": [
0.8,
0.5,
0.6333333333333333,
0.5333333333333333,
0.7666666666666667,
0.7666666666666667,
0.7,
0.6
],
"3": [
0.7,
0.8333333333333334,
0.6,
0.8,
0.8,
0.7333333333333333,
0.6666666666666666,
0.7
],
"5": [
0.6333333333333333,
0.8333333333333334,
0.7,
0.9333333333333333,
0.8,
0.9,
0.7666666666666667,
0.7666666666666667
]
},
"qwen": {
"1": [
0.6333333333333333,
0.36666666666666664,
0.7,
0.4666666666666667,
0.36666666666666664,
0.6,
0.6,
0.43333333333333335
],
"3": [
0.7,
0.7333333333333333,
0.5,
0.7,
0.5333333333333333,
0.6333333333333333,
0.7666666666666667,
0.7
],
"5": [
0.6333333333333333,
0.8,
0.7,
0.7333333333333333,
0.6333333333333333,
0.8,
0.7,
0.6666666666666666
]
},
"gemma2_27b": {
"1": [
0.6666666666666666,
0.6,
0.4666666666666667,
0.4666666666666667,
0.23333333333333334,
0.4,
0.6,
0.4666666666666667
],
"3": [
0.6666666666666666,
0.7,
0.5666666666666667,
0.4666666666666667,
0.36666666666666664,
0.5333333333333333,
0.5333333333333333,
0.43333333333333335
],
"5": [
0.7,
0.7,
0.7,
0.5666666666666667,
0.36666666666666664,
0.7,
0.7333333333333333,
0.6
]
},
"gemma2_9b": {
"1": [
0.3333333333333333,
0.26666666666666666,
0.43333333333333335,
0.43333333333333335,
0.36666666666666664,
0.6,
0.43333333333333335,
0.4666666666666667
],
"3": [
0.6,
0.5,
0.6,
0.5333333333333333,
0.5333333333333333,
0.6333333333333333,
0.6333333333333333,
0.4666666666666667
],
"5": [
0.4666666666666667,
0.6333333333333333,
0.6666666666666666,
0.6,
0.6333333333333333,
0.6,
0.5666666666666667,
0.5666666666666667
]
},
"llama31_8b": {
"1": [
0.5666666666666667,
0.6666666666666666,
0.26666666666666666,
0.13333333333333333,
0.6333333333333333,
0.4,
0.4
],
"3": [
0.7,
0.4666666666666667,
0.5666666666666667,
0.5666666666666667,
0.5333333333333333
],
"5": [
0.5333333333333333,
0.7333333333333333,
0.7,
0.5666666666666667,
0.6,
0.5666666666666667
]
},
"mistral_7b": {
"1": [
0.5333333333333333,
0.6333333333333333,
0.6,
0.36666666666666664,
0.16666666666666666,
0.36666666666666664,
0.6,
0.5
],
"3": [
0.5666666666666667,
0.7,
0.6666666666666666,
0.6666666666666666,
0.4,
0.6666666666666666,
0.6666666666666666,
0.5333333333333333
],
"5": [
0.6666666666666666,
0.7333333333333333,
0.7333333333333333,
0.7,
0.5,
0.7333333333333333,
0.6666666666666666,
0.5666666666666667
]
}
},
"proteins": {
"opus": {
"1": [
0.5,
0.5333333333333333,
0.43333333333333335
],
"3": [
0.5333333333333333,
0.6666666666666666,
0.6666666666666666
],
"5": [
0.5333333333333333,
0.4666666666666667,
0.5666666666666667
]
},
"qwen32": {
"1": [],
"3": [],
"5": []
},
"qwen": {
"1": [
0.5666666666666667,
0.6,
0.23333333333333334,
0.5666666666666667,
0.6,
0.6333333333333333,
0.6666666666666666,
0.6666666666666666
],
"3": [
0.6333333333333333,
0.7,
0.6,
0.5,
0.36666666666666664,
0.6666666666666666,
0.7333333333333333,
0.6333333333333333
],
"5": [
0.5333333333333333,
0.6666666666666666,
0.43333333333333335,
0.5,
0.6666666666666666,
0.7,
0.7,
0.5
]
},
"gemma2_27b": {
"1": [
0.6,
0.7,
0.6333333333333333,
0.4666666666666667,
0.3333333333333333,
0.6,
0.4666666666666667
],
"3": [],
"5": []
},
"gemma2_9b": {
"1": [
0.5333333333333333
],
"3": [],
"5": []
},
"llama31_8b": {
"1": [
0.36666666666666664
],
"3": [
0.26666666666666666,
0.3
],
"5": []
},
"mistral_7b": {
"1": [
0.3,
0.23333333333333334,
0.1,
0.43333333333333335,
0.3,
0.03333333333333333,
0.03333333333333333
],
"3": [],
"5": []
}
},
"imdb": {
"opus": {
"1": [
0.43333333333333335,
0.43333333333333335,
0.43333333333333335
],
"3": [
0.36666666666666664,
0.6,
0.5
],
"5": [
0.26666666666666666,
0.6333333333333333,
0.43333333333333335
]
},
"qwen32": {
"1": [],
"3": [],
"5": []
},
"qwen": {
"1": [
0.4,
0.43333333333333335,
0.36666666666666664,
0.7,
0.4,
0.5666666666666667,
0.4,
0.5
],
"3": [
0.6,
0.5333333333333333,
0.6333333333333333,
0.6333333333333333,
0.5666666666666667,
0.7666666666666667,
0.3333333333333333,
0.5333333333333333
],
"5": [
0.3,
0.5666666666666667,
0.5333333333333333,
0.6333333333333333,
0.5666666666666667,
0.6,
0.4,
0.5333333333333333
]
},
"gemma2_27b": {
"1": [
0.6333333333333333,
0.5
],
"3": [
0.5,
0.5,
0.6333333333333333,
0.5666666666666667,
0.4,
0.4
],
"5": [
0.4,
0.7,
0.5,
0.4,
0.4666666666666667,
0.5333333333333333,
0.43333333333333335,
0.3333333333333333
]
},
"gemma2_9b": {
"1": [
0.4,
0.5333333333333333,
0.6,
0.43333333333333335,
0.5666666666666667,
0.36666666666666664,
0.5666666666666667
],
"3": [
0.36666666666666664,
0.5333333333333333,
0.5666666666666667,
0.6,
0.7333333333333333,
0.4666666666666667,
0.6333333333333333
],
"5": [
0.43333333333333335,
0.5333333333333333,
0.6666666666666666,
0.7,
0.6666666666666666
]
},
"llama31_8b": {
"1": [
0.5333333333333333,
0.43333333333333335,
0.5333333333333333,
0.4,
0.5333333333333333
],
"3": [
0.4666666666666667,
0.5666666666666667,
0.7,
0.6,
0.7,
0.3,
0.4666666666666667
],
"5": [
0.5,
0.6,
0.43333333333333335,
0.5333333333333333,
0.36666666666666664,
0.6666666666666666
]
},
"mistral_7b": {
"1": [
0.6,
0.43333333333333335,
0.4,
0.36666666666666664,
0.43333333333333335,
0.4666666666666667,
0.4,
0.5
],
"3": [
0.6,
0.36666666666666664,
0.5,
0.6,
0.5,
0.5,
0.3333333333333333,
0.5333333333333333
],
"5": [
0.5666666666666667,
0.4666666666666667,
0.43333333333333335,
0.36666666666666664,
0.5333333333333333,
0.4666666666666667,
0.5,
0.5
]
}
}
}